Mentor,Mentees
Mentor_4,Mentee_42; Mentee_54; Mentee_59
Mentor_19,Mentee_13; Mentee_44; Mentee_57
Mentor_21,Mentee_20; Mentee_23; Mentee_58
Mentor_15,Mentee_21; Mentee_41; Mentee_69
Mentor_10,Mentee_33; Mentee_45; Mentee_53
Mentor_24,Mentee_4; Mentee_40; Mentee_60
Mentor_12,Mentee_8; Mentee_16; Mentee_24
Mentor_26,Mentee_12; Mentee_17; Mentee_35
Mentor_30,Mentee_29; Mentee_46; Mentee_48
Mentor_28,Mentee_34; Mentee_39; Mentee_50
Mentor_3,Mentee_62; Mentee_64
Mentor_11,Mentee_6; Mentee_22
Mentor_5,Mentee_27; Mentee_56
Mentor_2,Mentee_1; Mentee_19
Mentor_25,Mentee_5; Mentee_32
Mentor_23,Mentee_3; Mentee_55
Mentor_7,Mentee_7; Mentee_67
Mentor_18,Mentee_15; Mentee_38
Mentor_20,Mentee_26; Mentee_9
Mentor_29,Mentee_10; Mentee_25
Mentor_8,Mentee_11; Mentee_28
Mentor_16,Mentee_65; Mentee_31
Mentor_1,Mentee_37; Mentee_63
Mentor_17,Mentee_49; Mentee_2
Mentor_6,Mentee_66; Mentee_18
Mentor_14,Mentee_70; Mentee_30
Mentor_13,Mentee_52; Mentee_36
Mentor_27,Mentee_51; Mentee_43
Mentor_22,Mentee_47; Mentee_68
Mentor_9,Mentee_61; Mentee_14
