Mentee,Mentor
Mentee_42,Mentor_4
Mentee_54,Mentor_4
Mentee_59,Mentor_4
Mentee_13,Mentor_19
Mentee_44,Mentor_19
Mentee_57,Mentor_19
Mentee_20,Mentor_21
Mentee_23,Mentor_21
Mentee_58,Mentor_21
Mentee_21,Mentor_15
Mentee_41,Mentor_15
Mentee_69,Mentor_15
Mentee_33,Mentor_10
Mentee_45,Mentor_10
Mentee_53,Mentor_10
Mentee_4,Mentor_24
Mentee_40,Mentor_24
Mentee_60,Mentor_24
Mentee_8,Mentor_12
Mentee_16,Mentor_12
Mentee_24,Mentor_12
Mentee_12,Mentor_26
Mentee_17,Mentor_26
Mentee_35,Mentor_26
Mentee_29,Mentor_30
Mentee_46,Mentor_30
Mentee_48,Mentor_30
Mentee_34,Mentor_28
Mentee_39,Mentor_28
Mentee_50,Mentor_28
Mentee_62,Mentor_3
Mentee_64,Mentor_3
Mentee_6,Mentor_11
Mentee_22,Mentor_11
Mentee_27,Mentor_5
Mentee_56,Mentor_5
Mentee_1,Mentor_2
Mentee_19,Mentor_2
Mentee_5,Mentor_25
Mentee_32,Mentor_25
Mentee_3,Mentor_23
Mentee_55,Mentor_23
Mentee_7,Mentor_7
Mentee_67,Mentor_7
Mentee_15,Mentor_18
Mentee_38,Mentor_18
Mentee_26,Mentor_20
Mentee_9,Mentor_20
Mentee_10,Mentor_29
Mentee_25,Mentor_29
Mentee_11,Mentor_8
Mentee_28,Mentor_8
Mentee_65,Mentor_16
Mentee_31,Mentor_16
Mentee_37,Mentor_1
Mentee_63,Mentor_1
Mentee_49,Mentor_17
Mentee_2,Mentor_17
Mentee_66,Mentor_6
Mentee_18,Mentor_6
Mentee_70,Mentor_14
Mentee_30,Mentor_14
Mentee_52,Mentor_13
Mentee_36,Mentor_13
Mentee_51,Mentor_27
Mentee_43,Mentor_27
Mentee_47,Mentor_22
Mentee_68,Mentor_22
Mentee_61,Mentor_9
Mentee_14,Mentor_9
