Mentee,AS Year,First,Second,Third,Fourth
Mentee_1,200,Mentor_2,Mentor_19,Mentor_9,Mentor_4
Mentee_2,200,Mentor_15,Mentor_17,Mentor_1,Mentor_11
Mentee_3,100,Mentor_23,Mentor_27,Mentor_11,Mentor_7
Mentee_4,100,Mentor_24,Mentor_18,Mentor_12,Mentor_14
Mentee_5,100,Mentor_25,Mentor_29,Mentor_24,Mentor_22
Mentee_6,100,Mentor_11,Mentor_5,Mentor_4,Mentor_1
Mentee_7,100,Mentor_7,Mentor_15,Mentor_23,Mentor_18
Mentee_8,200,Mentor_12,Mentor_29,Mentor_14,Mentor_20
Mentee_9,200,Mentor_10,Mentor_20,Mentor_14,Mentor_24
Mentee_10,100,Mentor_29,Mentor_22,Mentor_5,Mentor_7
Mentee_11,100,Mentor_19,Mentor_8,Mentor_2,Mentor_17
Mentee_12,200,Mentor_26,Mentor_20,Mentor_14,Mentor_18
Mentee_13,100,Mentor_19,Mentor_15,Mentor_12,Mentor_3
Mentee_14,100,Mentor_4,Mentor_5,Mentor_30,Mentor_25
Mentee_15,100,Mentor_18,Mentor_20,Mentor_6,Mentor_25
Mentee_16,100,Mentor_12,Mentor_21,Mentor_27,Mentor_11
Mentee_17,100,Mentor_26,Mentor_28,Mentor_1,Mentor_2
Mentee_18,100,Mentor_21,Mentor_6,Mentor_2,Mentor_12
Mentee_19,100,Mentor_2,Mentor_20,Mentor_10,Mentor_6
Mentee_20,200,Mentor_21,Mentor_24,Mentor_2,Mentor_18
Mentee_21,200,Mentor_15,Mentor_26,Mentor_16,Mentor_3
Mentee_22,100,Mentor_11,Mentor_20,Mentor_1,Mentor_16
Mentee_23,200,Mentor_21,Mentor_13,Mentor_4,Mentor_30
Mentee_24,100,Mentor_12,Mentor_18,Mentor_1,Mentor_3
Mentee_25,100,Mentor_19,Mentor_29,Mentor_11,Mentor_25
Mentee_26,200,Mentor_20,Mentor_4,Mentor_3,Mentor_11
Mentee_27,200,Mentor_5,Mentor_4,Mentor_8,Mentor_7
Mentee_28,100,Mentor_24,Mentor_8,Mentor_4,Mentor_10
Mentee_29,200,Mentor_30,Mentor_3,Mentor_6,Mentor_20
Mentee_30,100,Mentor_19,Mentor_14,Mentor_23,Mentor_27
Mentee_31,100,Mentor_24,Mentor_16,Mentor_6,Mentor_26
Mentee_32,200,Mentor_25,Mentor_10,Mentor_15,Mentor_17
Mentee_33,200,Mentor_10,Mentor_12,Mentor_8,Mentor_1
Mentee_34,100,Mentor_28,Mentor_1,Mentor_4,Mentor_23
Mentee_35,100,Mentor_26,Mentor_28,Mentor_19,Mentor_12
Mentee_36,100,Mentor_3,Mentor_13,Mentor_5,Mentor_20
Mentee_37,100,Mentor_10,Mentor_1,Mentor_2,Mentor_23
Mentee_38,200,Mentor_18,Mentor_26,Mentor_19,Mentor_2
Mentee_39,100,Mentor_28,Mentor_8,Mentor_29,Mentor_15
Mentee_40,100,Mentor_24,Mentor_10,Mentor_11,Mentor_3
Mentee_41,200,Mentor_15,Mentor_8,Mentor_6,Mentor_29
Mentee_42,200,Mentor_4,Mentor_5,Mentor_15,Mentor_1
Mentee_43,100,Mentor_4,Mentor_30,Mentor_15,Mentor_27
Mentee_44,100,Mentor_19,Mentor_5,Mentor_29,Mentor_21
Mentee_45,200,Mentor_10,Mentor_12,Mentor_5,Mentor_7
Mentee_46,100,Mentor_30,Mentor_24,Mentor_13,Mentor_15
Mentee_47,100,Mentor_22,Mentor_29,Mentor_11,Mentor_27
Mentee_48,100,Mentor_30,Mentor_6,Mentor_18,Mentor_29
Mentee_49,100,Mentor_17,Mentor_19,Mentor_20,Mentor_4
Mentee_50,100,Mentor_28,Mentor_17,Mentor_27,Mentor_1
Mentee_51,100,Mentor_27,Mentor_19,Mentor_5,Mentor_22
Mentee_52,200,Mentor_13,Mentor_18,Mentor_2,Mentor_22
Mentee_53,200,Mentor_10,Mentor_2,Mentor_3,Mentor_22
Mentee_54,100,Mentor_4,Mentor_10,Mentor_7,Mentor_20
Mentee_55,100,Mentor_23,Mentor_9,Mentor_24,Mentor_5
Mentee_56,200,Mentor_5,Mentor_16,Mentor_24,Mentor_22
Mentee_57,100,Mentor_19,Mentor_16,Mentor_29,Mentor_17
Mentee_58,200,Mentor_21,Mentor_7,Mentor_12,Mentor_24
Mentee_59,200,Mentor_4,Mentor_25,Mentor_21,Mentor_23
Mentee_60,100,Mentor_24,Mentor_25,Mentor_22,Mentor_4
Mentee_61,200,Mentor_9,Mentor_29,Mentor_28,Mentor_27
Mentee_62,100,Mentor_3,Mentor_30,Mentor_10,Mentor_18
Mentee_63,200,Mentor_10,Mentor_1,Mentor_29,Mentor_27
Mentee_64,100,Mentor_3,Mentor_4,Mentor_14,Mentor_18
Mentee_65,200,Mentor_16,Mentor_22,Mentor_11,Mentor_21
Mentee_66,200,Mentor_6,Mentor_29,Mentor_12,Mentor_10
Mentee_67,100,Mentor_7,Mentor_28,Mentor_3,Mentor_13
Mentee_68,100,Mentor_4,Mentor_28,Mentor_2,Mentor_18
Mentee_69,100,Mentor_15,Mentor_14,Mentor_28,Mentor_27
Mentee_70,100,Mentor_14,Mentor_3,Mentor_29,Mentor_12
